target_variable,target_class,target_class_label,layer,name,importance,explainer
Erlotinib,0,,all,MSH6,0.00021994903,IntegratedGradients
Erlotinib,0,,all,APC,0.0013725305,IntegratedGradients
Erlotinib,0,,all,TP53,0.0014487965,IntegratedGradients
Erlotinib,0,,all,PTEN,0.0006157959,IntegratedGradients
Erlotinib,0,,all,BRAF,0.00048486778,IntegratedGradients
Erlotinib,0,,all,NF1,0.0002585832,IntegratedGradients
Erlotinib,0,,all,NF2,0.0007034865,IntegratedGradients
Erlotinib,0,,all,KRAS,0.0021504415,IntegratedGradients
Erlotinib,0,,all,CDKN2A,0.00016401225,IntegratedGradients
Erlotinib,0,,all,SMARCA4,0.0005204644,IntegratedGradients
Erlotinib,0,,all,PIK3CA,0.0009787427,IntegratedGradients
Erlotinib,0,,all,STK11,0.00015831974,IntegratedGradients
Erlotinib,0,,all,PIK3R1,0.00022270597,IntegratedGradients
Erlotinib,0,,all,NOTCH1,0.0007790618,IntegratedGradients
Erlotinib,0,,all,CDH1,0.0002615994,IntegratedGradients
Erlotinib,0,,all,EGFR,0.0024108978,IntegratedGradients
Erlotinib,0,,all,MAP2K4,0.00038116015,IntegratedGradients
Erlotinib,0,,all,RB1,0.0010060898,IntegratedGradients
Erlotinib,0,,all,SOX10,0.00020204061,IntegratedGradients
Erlotinib,0,,all,CD53,0.00027175547,IntegratedGradients
Erlotinib,0,,all,MLANA,0.00012486112,IntegratedGradients
Erlotinib,0,,all,VPREB3,0.0003541585,IntegratedGradients
Erlotinib,0,,all,YAP1,0.00030654122,IntegratedGradients
Erlotinib,0,,all,MZB1,0.00026469165,IntegratedGradients
Erlotinib,0,,all,FXYD3,0.0005745708,IntegratedGradients
Erlotinib,0,,all,ESRP1,0.00053737685,IntegratedGradients
Erlotinib,0,,all,MYB,0.0005144547,IntegratedGradients
Erlotinib,0,,all,CCN1,0.00038901487,IntegratedGradients
Erlotinib,0,,all,SPI1,0.0003601625,IntegratedGradients
Erlotinib,0,,all,LGALS4,0.0006657084,IntegratedGradients
Erlotinib,0,,all,PHOX2A,0.00012063171,IntegratedGradients
Erlotinib,0,,all,CD52,0.00029867116,IntegratedGradients
Erlotinib,0,,all,SPIB,0.0001400068,IntegratedGradients
Erlotinib,0,,all,GJB3,0.00073815277,IntegratedGradients
Erlotinib,0,,all,IRF6,0.0006572149,IntegratedGradients
Erlotinib,0,,all,GNG12,0.0006614242,IntegratedGradients
Erlotinib,0,,all,S100A14,0.00038675152,IntegratedGradients
Erlotinib,0,,all,CHGA,0.00028609004,IntegratedGradients
Erlotinib,0,,all,INSM1,0.00035529683,IntegratedGradients
Erlotinib,0,,all,AZU1,0.00012435156,IntegratedGradients
Erlotinib,0,,all,ASCL1,0.00015646456,IntegratedGradients
Erlotinib,0,,all,EPN3,0.00031430763,IntegratedGradients
Erlotinib,0,,all,AXL,0.0007602232,IntegratedGradients
Erlotinib,0,,all,WWTR1,0.00060766283,IntegratedGradients
Erlotinib,0,,all,IFFO1,0.00027157593,IntegratedGradients
Erlotinib,0,,all,MAP7,0.0004905276,IntegratedGradients
Erlotinib,0,,all,ITGA3,0.0003033636,IntegratedGradients
Erlotinib,0,,all,PRR15L,0.00034699787,IntegratedGradients
Erlotinib,0,,all,KLF5,0.00047321522,IntegratedGradients
Erlotinib,0,,all,LAIR1,0.0002525281,IntegratedGradients
Erlotinib,0,,all,HOOK1,0.00036940275,IntegratedGradients
Erlotinib,0,,all,LCP2,0.00024683317,IntegratedGradients
Erlotinib,0,,all,MPZL2,0.0009510784,IntegratedGradients
Erlotinib,0,,all,MST1R,0.00048751401,IntegratedGradients
Erlotinib,0,,all,SDC4,0.00054835045,IntegratedGradients
Erlotinib,0,,all,RASGRP2,0.00036978422,IntegratedGradients
Erlotinib,0,,all,LLGL2,0.00028420688,IntegratedGradients
Erlotinib,0,,all,TPM1,0.0006448602,IntegratedGradients
Erlotinib,0,,all,WIPF1,0.0003023981,IntegratedGradients
Erlotinib,0,,all,ZEB1,0.0011177319,IntegratedGradients
Erlotinib,0,,all,VPREB1,0.00016668766,IntegratedGradients
Erlotinib,0,,all,LYZ,0.00038856277,IntegratedGradients
Erlotinib,0,,all,SFN,0.00040525425,IntegratedGradients
Erlotinib,0,,all,PKP3,0.00076768256,IntegratedGradients
Erlotinib,0,,all,DNTT,0.00020354034,IntegratedGradients
Erlotinib,0,,all,CAV1,0.00046235704,IntegratedGradients
Erlotinib,0,,all,ELF3,0.0003492244,IntegratedGradients
Erlotinib,0,,all,BLNK,0.00038000598,IntegratedGradients
Erlotinib,0,,all,AGR2,0.00030585614,IntegratedGradients
Erlotinib,0,,all,DSP,0.0004846248,IntegratedGradients
Erlotinib,0,,all,GPX2,0.00035879153,IntegratedGradients
Erlotinib,0,,all,LOXL2,0.00086986314,IntegratedGradients
Erlotinib,0,,all,FLI1,0.00040486243,IntegratedGradients
Erlotinib,0,,all,PLEK,0.00028843942,IntegratedGradients
Erlotinib,0,,all,PIM2,0.00032304556,IntegratedGradients
Erlotinib,0,,all,DDR1,0.00043834286,IntegratedGradients
Erlotinib,0,,all,S100A2,0.0021844315,IntegratedGradients
Erlotinib,0,,all,FOSL1,0.0004318179,IntegratedGradients
Erlotinib,0,,all,CYTIP,0.00066245714,IntegratedGradients
Erlotinib,0,,all,GPR87,0.00042104878,IntegratedGradients
Erlotinib,0,,all,S100P,0.0002772886,IntegratedGradients
Erlotinib,0,,all,ARHGAP25,0.00027311506,IntegratedGradients
Erlotinib,0,,all,CALD1,0.0002866959,IntegratedGradients
Erlotinib,0,,all,CD3D,0.00017567014,IntegratedGradients
Erlotinib,0,,all,PDGFRB,0.00034717715,IntegratedGradients
Erlotinib,0,,all,LY86,0.0004612389,IntegratedGradients
Erlotinib,0,,all,RND3,0.00025225236,IntegratedGradients
Erlotinib,0,,all,ATP1B1,0.00039370093,IntegratedGradients
Erlotinib,0,,all,LMNA,0.00023281932,IntegratedGradients
Erlotinib,0,,all,GPRC5A,0.00032426647,IntegratedGradients
Erlotinib,0,,all,TEAD1,0.00057058455,IntegratedGradients
Erlotinib,0,,all,ZEB2,0.0004012532,IntegratedGradients
Erlotinib,0,,all,TSPAN6,0.00087352993,IntegratedGradients
Erlotinib,0,,all,SAMSN1,0.00035268,IntegratedGradients
Erlotinib,0,,all,OSMR,0.00079879,IntegratedGradients
Erlotinib,0,,all,PRKCB,0.00025025415,IntegratedGradients
Erlotinib,0,,all,VIL1,0.00023285554,IntegratedGradients
Erlotinib,0,,all,CTSL,0.00075008307,IntegratedGradients
Erlotinib,0,,all,TSPAN1,0.0004722399,IntegratedGradients
Erlotinib,0,,all,CDH3,0.00032669085,IntegratedGradients
Erlotinib,0,,all,CTBP2,0.00044494407,IntegratedGradients
Erlotinib,0,,all,TMPRSS4,0.00045876906,IntegratedGradients
Erlotinib,0,,all,ATP2A3,0.000325863,IntegratedGradients
Erlotinib,0,,all,CCDC69,0.000648609,IntegratedGradients
Erlotinib,0,,all,STAP1,0.0001702863,IntegratedGradients
Erlotinib,0,,all,LAMB1,0.0002701189,IntegratedGradients
Erlotinib,0,,all,PLCG2,0.00022495688,IntegratedGradients
Erlotinib,0,,all,B3GNT3,0.00028545954,IntegratedGradients
Erlotinib,0,,all,PPL,0.0003429993,IntegratedGradients
Erlotinib,0,,all,EGFR,0.0023082995,IntegratedGradients
Erlotinib,0,,all,PARVA,0.0003366592,IntegratedGradients
Erlotinib,0,,all,CD3E,0.0005096043,IntegratedGradients
Erlotinib,0,,all,KRT19,0.0003077535,IntegratedGradients
Erlotinib,0,,all,PERP,0.0003156056,IntegratedGradients
Erlotinib,0,,all,PPP1R16B,0.0002843407,IntegratedGradients
Erlotinib,0,,all,LSR,0.00046600134,IntegratedGradients
Erlotinib,0,,all,TGFBI,0.00040627795,IntegratedGradients
Erlotinib,0,,all,SEPTIN10,0.00037245953,IntegratedGradients
Erlotinib,0,,all,SH3BP4,0.0004899184,IntegratedGradients
Erlotinib,0,,all,DDR2,0.00030925102,IntegratedGradients
Erlotinib,0,,all,RBM47,0.0003114806,IntegratedGradients
Erlotinib,0,,all,KIRREL1,0.0003808933,IntegratedGradients
Erlotinib,0,,all,MNDA,0.00019837268,IntegratedGradients
Erlotinib,0,,all,KRT6A,0.0008153781,IntegratedGradients
Erlotinib,0,,all,ZAP70,0.00020936412,IntegratedGradients
Erlotinib,0,,all,ANXA1,0.0003441404,IntegratedGradients
Erlotinib,0,,all,FERMT2,0.00066038035,IntegratedGradients
Erlotinib,0,,all,JUP,0.00025937115,IntegratedGradients
Erlotinib,0,,all,DDC,0.00067697844,IntegratedGradients
Erlotinib,0,,all,EMP3,0.000791517,IntegratedGradients
Erlotinib,0,,all,EPHA1,0.0004001556,IntegratedGradients
Erlotinib,0,,all,SERPINB5,0.00035897852,IntegratedGradients
Erlotinib,0,,all,FAM114A1,0.0004163555,IntegratedGradients
Erlotinib,0,,all,EHD2,0.0005492155,IntegratedGradients
Erlotinib,0,,all,GYPC,0.00032134235,IntegratedGradients
Erlotinib,0,,all,IL2RG,0.00044486838,IntegratedGradients
Erlotinib,0,,all,VIM,0.0010569198,IntegratedGradients
Erlotinib,0,,all,LAMB3,0.00034084625,IntegratedGradients
Erlotinib,0,,all,SELPLG,0.00020410452,IntegratedGradients
Erlotinib,0,,all,CAP2,0.0008810338,IntegratedGradients
Erlotinib,0,,all,PLEKHA1,0.00029554038,IntegratedGradients
Erlotinib,0,,all,HNF1B,0.0007134819,IntegratedGradients
Erlotinib,0,,all,EHF,0.00041071052,IntegratedGradients
Erlotinib,0,,all,LST1,0.00027822578,IntegratedGradients
Erlotinib,0,,all,GPR35,0.0004721507,IntegratedGradients
Erlotinib,0,,all,ELMO1,0.00040918434,IntegratedGradients
Erlotinib,0,,all,TSPAN8,0.00030423576,IntegratedGradients
Erlotinib,0,,all,PRSS23,0.00047217763,IntegratedGradients
Erlotinib,0,,all,COL6A2,0.00037517006,IntegratedGradients
Erlotinib,0,,all,SERPINE1,0.001416091,IntegratedGradients
Erlotinib,0,,all,ARHGEF6,0.00024970548,IntegratedGradients
Erlotinib,0,,all,SNX7,0.0002526101,IntegratedGradients
Erlotinib,0,,all,TINAGL1,0.0008052931,IntegratedGradients
Erlotinib,0,,all,GPM6B,0.00078487635,IntegratedGradients
Erlotinib,0,,all,FHL2,0.0002720446,IntegratedGradients
Erlotinib,0,,all,FBN1,0.0005333547,IntegratedGradients
Erlotinib,0,,all,TNFRSF1A,0.0006949041,IntegratedGradients
Erlotinib,0,,all,CD38,0.00063600263,IntegratedGradients
Erlotinib,0,,all,PTPN6,0.0004507206,IntegratedGradients
Erlotinib,0,,all,PLS1,0.00044056046,IntegratedGradients
Erlotinib,0,,all,TACSTD2,0.00033350082,IntegratedGradients
Erlotinib,0,,all,SPARC,0.0013923871,IntegratedGradients
Erlotinib,0,,all,LCN2,0.00027414973,IntegratedGradients
Erlotinib,0,,all,COL1A1,0.0005040237,IntegratedGradients
Erlotinib,0,,all,PAX8,0.0004168464,IntegratedGradients
Erlotinib,0,,all,ANXA3,0.0005619759,IntegratedGradients
Erlotinib,0,,all,ASAP2,0.0003077227,IntegratedGradients
Erlotinib,0,,all,ITGAL,0.00044631187,IntegratedGradients
Erlotinib,0,,all,SNAI2,0.00047552353,IntegratedGradients
Erlotinib,0,,all,LARP6,0.00023006723,IntegratedGradients
Erlotinib,0,,all,BSPRY,0.0005278719,IntegratedGradients
Erlotinib,0,,all,PTPRF,0.00036442492,IntegratedGradients
Erlotinib,0,,all,GALNT3,0.00070782163,IntegratedGradients
Erlotinib,0,,all,CAPN2,0.00039571818,IntegratedGradients
Erlotinib,0,,all,GJB5,0.0015612183,IntegratedGradients
Erlotinib,0,,all,PPIC,0.00047038475,IntegratedGradients
Erlotinib,0,,all,IRF8,0.0002598229,IntegratedGradients
Erlotinib,0,,all,DCBLD2,0.00035800482,IntegratedGradients
Erlotinib,0,,all,CTNND1,0.0007804594,IntegratedGradients
Erlotinib,0,,all,LAPTM4B,0.0002521454,IntegratedGradients
Erlotinib,0,,all,MUC13,0.00025277358,IntegratedGradients
Erlotinib,0,,all,TFF3,0.00024686652,IntegratedGradients
Erlotinib,0,,all,VAV1,0.0014100249,IntegratedGradients
Erlotinib,0,,all,NR3C1,0.0003690843,IntegratedGradients
Erlotinib,0,,all,SIT1,0.00046897383,IntegratedGradients
Erlotinib,0,,all,RTL8C,0.00042065704,IntegratedGradients
Erlotinib,0,,all,ACTN1,0.00032305965,IntegratedGradients
Erlotinib,0,,all,IGLL1,0.00047572056,IntegratedGradients
Erlotinib,0,,all,RRAS,0.0004032143,IntegratedGradients
Erlotinib,0,,all,DKK3,0.0002720404,IntegratedGradients
Erlotinib,0,,all,F3,0.00037106266,IntegratedGradients
Erlotinib,0,,all,FGFBP1,0.00040244946,IntegratedGradients
Erlotinib,0,,all,CD86,0.00029391376,IntegratedGradients
Erlotinib,0,,all,CCDC198,0.0005225774,IntegratedGradients
Erlotinib,0,,all,ITGA2,0.00034431386,IntegratedGradients
Erlotinib,0,,all,FERMT1,0.0008839623,IntegratedGradients
Erlotinib,0,,all,EPPK1,0.00045333526,IntegratedGradients
Erlotinib,0,,all,EPS8L2,0.00041378994,IntegratedGradients
Erlotinib,0,,all,CNKSR1,0.0003118679,IntegratedGradients
Erlotinib,0,,all,PLEK2,0.00038378735,IntegratedGradients
Erlotinib,0,,all,COL5A1,0.00078446325,IntegratedGradients
Erlotinib,0,,all,CCR7,0.00025489443,IntegratedGradients
Erlotinib,0,,all,ELMO3,0.0016021547,IntegratedGradients
Erlotinib,0,,all,AP1M2,0.000340284,IntegratedGradients
Erlotinib,0,,all,CLDN3,0.0011473972,IntegratedGradients
Erlotinib,0,,all,NNMT,0.00034283273,IntegratedGradients
Erlotinib,0,,all,GALNT11,0.0002661759,IntegratedGradients
Erlotinib,0,,all,SYK,0.00032484424,IntegratedGradients
Erlotinib,0,,all,ITGB5,0.0010269816,IntegratedGradients
Erlotinib,0,,all,NKG7,0.00023459409,IntegratedGradients
Erlotinib,0,,all,ATP2C2,0.0006735069,IntegratedGradients
Erlotinib,0,,all,VAMP8,0.00032033358,IntegratedGradients
Erlotinib,0,,all,CTTN,0.00032017226,IntegratedGradients
Erlotinib,0,,all,EXPH5,0.0008300681,IntegratedGradients
Erlotinib,0,,all,IGLL3P,0.00021285965,IntegratedGradients
Erlotinib,0,,all,TJP3,0.0011309542,IntegratedGradients
Erlotinib,0,,all,RIN2,0.000992653,IntegratedGradients
Erlotinib,0,,all,FOXA1,0.00026885833,IntegratedGradients
Erlotinib,0,,all,KIF21B,0.0004943759,IntegratedGradients
Erlotinib,0,,all,CLEC2D,0.0005295745,IntegratedGradients
Erlotinib,0,,all,PXDC1,0.00041229322,IntegratedGradients
Erlotinib,0,,all,CD63,0.0004653835,IntegratedGradients
Erlotinib,0,,all,TOM1L1,0.00025263964,IntegratedGradients
Erlotinib,0,,all,TCF4,0.00028135985,IntegratedGradients
Erlotinib,0,,all,NUAK1,0.00045294888,IntegratedGradients
Erlotinib,0,,all,SSH3,0.00027796067,IntegratedGradients
Erlotinib,0,,all,RHOD,0.00036116556,IntegratedGradients
Erlotinib,0,,all,CCDC88C,0.00030187028,IntegratedGradients
Erlotinib,0,,all,FAT2,0.0003300518,IntegratedGradients
Erlotinib,0,,all,GATA3,0.00052184437,IntegratedGradients
Erlotinib,0,,all,ITGA5,0.00048144723,IntegratedGradients
Erlotinib,0,,all,AREG,0.0013658284,IntegratedGradients
Erlotinib,0,,all,P3H1,0.00062895,IntegratedGradients
Erlotinib,0,,all,LAMA5,0.00051499053,IntegratedGradients
Erlotinib,0,,all,ANXA4,0.00024227868,IntegratedGradients
Erlotinib,0,,all,ARHGEF5,0.0004345481,IntegratedGradients
Erlotinib,0,,all,CBFA2T3,0.00030252695,IntegratedGradients
Erlotinib,0,,all,IFI16,0.00045896065,IntegratedGradients
Erlotinib,0,,all,ADAP1,0.0004274195,IntegratedGradients
Erlotinib,0,,all,ZNF165,0.00048245312,IntegratedGradients
Erlotinib,0,,all,IL21R,0.00019493049,IntegratedGradients
Erlotinib,0,,all,CNN3,0.00041342693,IntegratedGradients
Erlotinib,0,,all,BICC1,0.001244655,IntegratedGradients
Erlotinib,0,,all,PROX1,0.00040066455,IntegratedGradients
Erlotinib,0,,all,PHLDA2,0.00032000625,IntegratedGradients
Erlotinib,0,,all,HRH1,0.0015299036,IntegratedGradients
Erlotinib,0,,all,LSP1,0.00027160806,IntegratedGradients
Erlotinib,0,,all,SLC35D2,0.00069608353,IntegratedGradients
Erlotinib,0,,all,HEPH,0.00029479954,IntegratedGradients
Erlotinib,0,,all,MET,0.0006584677,IntegratedGradients
Erlotinib,0,,all,MMP2,0.00068998616,IntegratedGradients
Erlotinib,0,,all,PMP22,0.00026410352,IntegratedGradients
Erlotinib,0,,all,SCN3B,0.000301213,IntegratedGradients
Erlotinib,0,,all,TUFT1,0.00030475997,IntegratedGradients
Erlotinib,0,,all,PON2,0.00024839447,IntegratedGradients
Erlotinib,0,,all,BCAR3,0.00039655235,IntegratedGradients
Erlotinib,0,,all,GNA15,0.00028137266,IntegratedGradients
Erlotinib,0,,all,LAMC2,0.00040225784,IntegratedGradients
Erlotinib,0,,all,SLPI,0.0007161494,IntegratedGradients
Erlotinib,0,,all,RHOC,0.0003222124,IntegratedGradients
Erlotinib,0,,all,CCN2,0.0007999411,IntegratedGradients
Erlotinib,0,,all,DSG3,0.000296345,IntegratedGradients
Erlotinib,0,,all,CBLC,0.0005896513,IntegratedGradients
Erlotinib,0,,all,TM4SF5,0.00022758081,IntegratedGradients
Erlotinib,0,,all,GPR18,0.0002997978,IntegratedGradients
Erlotinib,0,,all,LAX1,0.00057771575,IntegratedGradients
Erlotinib,0,,all,FSTL1,0.00042586547,IntegratedGradients
Erlotinib,0,,all,GPSM3,0.0006834478,IntegratedGradients
Erlotinib,0,,all,CLDN1,0.0007469704,IntegratedGradients
Erlotinib,0,,all,EVI2B,0.00034227167,IntegratedGradients
Erlotinib,0,,all,TIMP2,0.00041084568,IntegratedGradients
Erlotinib,0,,all,LGALS3,0.00048127232,IntegratedGradients
Erlotinib,0,,all,ITGA4,0.0003537715,IntegratedGradients
Erlotinib,0,,all,RNF43,0.0004815061,IntegratedGradients
Erlotinib,0,,all,PLS3,0.00022435847,IntegratedGradients
Erlotinib,0,,all,TGFB1I1,0.00033837915,IntegratedGradients
Erlotinib,0,,all,KRT17,0.0003890694,IntegratedGradients
Erlotinib,0,,all,TRIM29,0.0004935536,IntegratedGradients
Erlotinib,0,,all,AVPI1,0.0004406046,IntegratedGradients
Erlotinib,0,,all,SHTN1,0.00026353076,IntegratedGradients
Erlotinib,0,,all,GPC1,0.0006114419,IntegratedGradients
Erlotinib,0,,all,KRT7,0.00044052175,IntegratedGradients
Erlotinib,0,,all,SDC1,0.000497194,IntegratedGradients
Erlotinib,0,,all,CCND1,0.00046038613,IntegratedGradients
Erlotinib,0,,all,IGFBP6,0.000719915,IntegratedGradients
Erlotinib,0,,all,RAI14,0.0006215912,IntegratedGradients
Erlotinib,0,,all,EFNA1,0.0009193316,IntegratedGradients
Erlotinib,0,,all,NFE2,0.00018282713,IntegratedGradients
Erlotinib,0,,all,LTA,0.00016798794,IntegratedGradients
Erlotinib,0,,all,TM4SF1,0.00026785684,IntegratedGradients
Erlotinib,0,,all,PLK2,0.0006096747,IntegratedGradients
Erlotinib,0,,all,ASPH,0.00033009535,IntegratedGradients
Erlotinib,0,,all,RAC2,0.00037361638,IntegratedGradients
Erlotinib,0,,all,RBFOX2,0.0004563534,IntegratedGradients
Erlotinib,0,,all,SEPTIN6,0.00067728927,IntegratedGradients
Erlotinib,0,,all,MIR22HG,0.00075771357,IntegratedGradients
Erlotinib,0,,all,KDELR3,0.0008290776,IntegratedGradients
Erlotinib,0,,all,CARD10,0.00034157504,IntegratedGradients
Erlotinib,0,,all,POU2AF1,0.00092713203,IntegratedGradients
Erlotinib,0,,all,ARHGDIB,0.00044216265,IntegratedGradients
Erlotinib,0,,all,PDGFC,0.0003776828,IntegratedGradients
Erlotinib,0,,all,CD69,0.00027773142,IntegratedGradients
Erlotinib,0,,all,MS4A3,0.00014969194,IntegratedGradients
Erlotinib,0,,all,DAG1,0.00051705405,IntegratedGradients
Erlotinib,0,,all,PHLDA1,0.00088275515,IntegratedGradients
Erlotinib,0,,all,TMC5,0.00031007885,IntegratedGradients
Erlotinib,0,,all,LAMB2,0.00033024538,IntegratedGradients
Erlotinib,0,,all,MAPK13,0.0008272476,IntegratedGradients
Erlotinib,0,,all,S100A10,0.0004419775,IntegratedGradients
Erlotinib,0,,all,SLA,0.00023158269,IntegratedGradients
Erlotinib,0,,all,PNOC,0.0001958377,IntegratedGradients
Erlotinib,0,,all,DDAH1,0.0005230133,IntegratedGradients
Erlotinib,0,,all,MYO1C,0.00053240143,IntegratedGradients
Erlotinib,0,,all,CSF2RB,0.0003220597,IntegratedGradients
Erlotinib,0,,all,SRPX,0.00027825614,IntegratedGradients
Erlotinib,0,,all,HGD,0.0005522398,IntegratedGradients
Erlotinib,0,,all,BIN2,0.00034147035,IntegratedGradients
Erlotinib,0,,all,PHACTR1,0.00021568142,IntegratedGradients
Erlotinib,0,,all,PTK2,0.0007157147,IntegratedGradients
Erlotinib,0,,all,ITGAV,0.00028693507,IntegratedGradients
Erlotinib,0,,all,SYT11,0.00068398396,IntegratedGradients
Erlotinib,0,,all,PCSK1,0.00025112732,IntegratedGradients
Erlotinib,0,,all,IL13RA1,0.0005381144,IntegratedGradients
Erlotinib,0,,all,PPP1R13L,0.0014235693,IntegratedGradients
Erlotinib,0,,all,LCK,0.0007802355,IntegratedGradients
Erlotinib,0,,all,FNDC3B,0.00035691384,IntegratedGradients
Erlotinib,0,,all,GRP,0.0001471418,IntegratedGradients
Erlotinib,0,,all,ATP8B4,0.00020373904,IntegratedGradients
Erlotinib,0,,all,COL17A1,0.0008197404,IntegratedGradients
Erlotinib,0,,all,PTK6,0.0002331892,IntegratedGradients
Erlotinib,0,,all,COL4A1,0.0009905061,IntegratedGradients
Erlotinib,0,,all,SPDEF,0.00026062428,IntegratedGradients
Erlotinib,0,,all,DCN,0.00021335813,IntegratedGradients
Erlotinib,0,,all,PTPRK,0.00032603578,IntegratedGradients
Erlotinib,0,,all,BACH2,0.00029799255,IntegratedGradients
Erlotinib,0,,all,ITGB7,0.0002919798,IntegratedGradients
Erlotinib,0,,all,TENT5C,0.00043811093,IntegratedGradients
Erlotinib,0,,all,NSG2,0.00016805266,IntegratedGradients
Erlotinib,0,,all,LEF1,0.00032968764,IntegratedGradients
Erlotinib,0,,all,MYO5C,0.0006402972,IntegratedGradients
Erlotinib,0,,all,UPP1,0.0003302624,IntegratedGradients
Erlotinib,0,,all,SSBP2,0.00025312882,IntegratedGradients
Erlotinib,0,,all,IL10RA,0.00048836594,IntegratedGradients
Erlotinib,0,,all,CRY1,0.00025627343,IntegratedGradients
Erlotinib,0,,all,NT5E,0.00037247172,IntegratedGradients
Erlotinib,0,,all,KIF1A,0.0002371144,IntegratedGradients
Erlotinib,0,,all,PIP5K1B,0.00047837468,IntegratedGradients
Erlotinib,0,,all,HEG1,0.00045298386,IntegratedGradients
Erlotinib,0,,all,GNG7,0.00034760108,IntegratedGradients
Erlotinib,0,,all,IL18,0.0012195689,IntegratedGradients
Erlotinib,0,,all,TMBIM1,0.00051208935,IntegratedGradients
Erlotinib,0,,all,CHRNA3,0.00027494648,IntegratedGradients
Erlotinib,0,,all,VEGFC,0.00065660867,IntegratedGradients
Erlotinib,0,,all,MVP,0.000562198,IntegratedGradients
Erlotinib,0,,all,ABCC3,0.0007816449,IntegratedGradients
Erlotinib,0,,all,STK10,0.00086532347,IntegratedGradients
Erlotinib,0,,all,APOA1,0.00038220058,IntegratedGradients
Erlotinib,0,,all,ADGRA2,0.00031283346,IntegratedGradients
Erlotinib,0,,all,ENAH,0.00030542287,IntegratedGradients
Erlotinib,0,,all,GNA11,0.0004251121,IntegratedGradients
Erlotinib,0,,all,GSDME,0.0011291794,IntegratedGradients
Erlotinib,0,,all,MICAL2,0.00025349788,IntegratedGradients
Erlotinib,0,,all,ITK,0.00027685016,IntegratedGradients
Erlotinib,0,,all,GFI1,0.00025408433,IntegratedGradients
Erlotinib,0,,all,TCF3,0.0003176966,IntegratedGradients
Erlotinib,0,,all,CD80,0.00022620695,IntegratedGradients
Erlotinib,0,,all,TSPAN4,0.0004127953,IntegratedGradients
Erlotinib,0,,all,CALU,0.0003828515,IntegratedGradients
Erlotinib,0,,all,MANSC1,0.0006893218,IntegratedGradients
Erlotinib,0,,all,CXCR4,0.0007081077,IntegratedGradients
Erlotinib,0,,all,ZCCHC24,0.000438039,IntegratedGradients
Erlotinib,0,,all,SNAP25,0.000747775,IntegratedGradients
Erlotinib,0,,all,TPST1,0.00048233583,IntegratedGradients
Erlotinib,0,,all,CRMP1,0.0004923506,IntegratedGradients
Erlotinib,0,,all,ITGA6,0.0010558539,IntegratedGradients
Erlotinib,0,,all,USH1C,0.00049004535,IntegratedGradients
Erlotinib,0,,all,TUBB6,0.000516053,IntegratedGradients
Erlotinib,0,,all,MYO1F,0.0003150996,IntegratedGradients
Erlotinib,0,,all,CD247,0.00019967828,IntegratedGradients
Erlotinib,0,,all,TAX1BP3,0.00074667804,IntegratedGradients
Erlotinib,0,,all,PLOD2,0.0008127613,IntegratedGradients
Erlotinib,0,,all,FCGR2B,0.00043156187,IntegratedGradients
Erlotinib,0,,all,PIK3CD,0.00028253134,IntegratedGradients
Erlotinib,0,,all,MEF2C,0.00067416666,IntegratedGradients
Erlotinib,0,,all,MAP1B,0.0013597544,IntegratedGradients
Erlotinib,0,,all,FA2H,0.0011369139,IntegratedGradients
Erlotinib,0,,all,BACE1,0.0007981081,IntegratedGradients
Erlotinib,0,,all,TFF1,0.00021979692,IntegratedGradients
Erlotinib,0,,all,PCSK2,0.000379299,IntegratedGradients
Erlotinib,0,,all,CNTRL,0.00024997361,IntegratedGradients
Erlotinib,0,,all,PLAT,0.00047390276,IntegratedGradients
Erlotinib,0,,all,LAMC1,0.00046236976,IntegratedGradients
Erlotinib,0,,all,PPARG,0.00046008194,IntegratedGradients
Erlotinib,0,,all,EPS8L1,0.0003787875,IntegratedGradients
Erlotinib,0,,all,TPD52L1,0.00032166296,IntegratedGradients
Erlotinib,0,,all,MYO1B,0.00046252686,IntegratedGradients
Erlotinib,0,,all,RAB17,0.0007463815,IntegratedGradients
Erlotinib,0,,all,MITF,0.0006587511,IntegratedGradients
Erlotinib,0,,all,AHNAK,0.00045926363,IntegratedGradients
Erlotinib,0,,all,EVPL,0.0017434658,IntegratedGradients
Erlotinib,0,,all,A1CF,0.00024178682,IntegratedGradients
Erlotinib,0,,all,PRSS22,0.00077438,IntegratedGradients
Erlotinib,0,,all,WWC1,0.0006435313,IntegratedGradients
Erlotinib,0,,all,GPR65,0.0004350127,IntegratedGradients
Erlotinib,0,,all,ALOX5AP,0.00019732754,IntegratedGradients
Erlotinib,0,,all,P2RY10,0.00024833178,IntegratedGradients
Erlotinib,0,,all,KIAA1324,0.0005249743,IntegratedGradients
Erlotinib,0,,all,F2RL1,0.00041357524,IntegratedGradients
Erlotinib,0,,all,CYFIP2,0.00032824842,IntegratedGradients
Erlotinib,0,,all,IL6ST,0.00043318063,IntegratedGradients
Erlotinib,0,,all,PRRX1,0.0004942757,IntegratedGradients
Erlotinib,0,,all,BAG3,0.00097631203,IntegratedGradients
Erlotinib,0,,all,LOX,0.00033571763,IntegratedGradients
Erlotinib,0,,all,RFTN1,0.0003893962,IntegratedGradients
Erlotinib,0,,all,LIMD2,0.0004062223,IntegratedGradients
Erlotinib,0,,all,TYROBP,0.00022813868,IntegratedGradients
Erlotinib,0,,all,GRK2,0.00034858836,IntegratedGradients
Erlotinib,0,,all,SOX9,0.0010671242,IntegratedGradients
Erlotinib,0,,all,RBMS3,0.0004373235,IntegratedGradients
Erlotinib,0,,all,WWC2,0.00053160416,IntegratedGradients
Erlotinib,0,,all,THBS1,0.0012168117,IntegratedGradients
Erlotinib,0,,all,PLAU,0.0004888174,IntegratedGradients
Erlotinib,0,,all,LCP1,0.00058899884,IntegratedGradients
Erlotinib,0,,all,MLPH,0.0008423278,IntegratedGradients
Erlotinib,0,,all,CSPG4,0.0002484468,IntegratedGradients
Erlotinib,0,,all,S100A11,0.00026057844,IntegratedGradients
Erlotinib,0,,all,AP1S2,0.0009090104,IntegratedGradients
Erlotinib,0,,all,ALS2CL,0.0012340776,IntegratedGradients
Erlotinib,0,,all,CUEDC1,0.00046790618,IntegratedGradients
Erlotinib,0,,all,EPAS1,0.0007293374,IntegratedGradients
Erlotinib,0,,all,ACVR1,0.0002562712,IntegratedGradients
Erlotinib,0,,all,SMAGP,0.00026331443,IntegratedGradients
Erlotinib,0,,all,CDCP1,0.00057964807,IntegratedGradients
Erlotinib,0,,all,CD24,0.0006568807,IntegratedGradients
Erlotinib,0,,all,CD74,0.00032964232,IntegratedGradients
Erlotinib,0,,all,GPA33,0.0004228439,IntegratedGradients
Erlotinib,0,,all,ICAM2,0.0009940556,IntegratedGradients
Erlotinib,0,,all,HLA-E,0.00039085833,IntegratedGradients
Erlotinib,0,,all,DAAM2,0.00070337043,IntegratedGradients
Erlotinib,0,,all,NOL4,0.0002826844,IntegratedGradients
Erlotinib,0,,all,ELF1,0.00041875476,IntegratedGradients
Erlotinib,0,,all,ALK,0.0005239214,IntegratedGradients
Erlotinib,0,,all,CD151,0.00042240176,IntegratedGradients
Erlotinib,0,,all,PCOLCE,0.00043260725,IntegratedGradients
Erlotinib,0,,all,STAT5A,0.0008422185,IntegratedGradients
Erlotinib,0,,all,PPP2R3A,0.0008164441,IntegratedGradients
Erlotinib,0,,all,TMEM158,0.0010225495,IntegratedGradients
Erlotinib,0,,all,CXADR,0.0011450527,IntegratedGradients
Erlotinib,0,,all,SDC2,0.0004079418,IntegratedGradients
Erlotinib,0,,all,SH2B2,0.00028447635,IntegratedGradients
Erlotinib,0,,all,TSPAN15,0.0009402572,IntegratedGradients
Erlotinib,0,,all,LGALS1,0.0010394228,IntegratedGradients
Erlotinib,0,,all,GRB7,0.0009407273,IntegratedGradients
Erlotinib,0,,all,S100A6,0.00030173303,IntegratedGradients
Erlotinib,0,,all,KCNN3,0.00018384425,IntegratedGradients
Erlotinib,0,,all,ADAM9,0.00027896947,IntegratedGradients
Erlotinib,0,,all,P2RY2,0.00037391513,IntegratedGradients
Erlotinib,0,,all,KCNH2,0.0004204226,IntegratedGradients
Erlotinib,0,,all,RHEX,0.00030231292,IntegratedGradients
Erlotinib,0,,all,FNBP1L,0.0003273414,IntegratedGradients
Erlotinib,0,,all,AHNAK2,0.00057360594,IntegratedGradients
Erlotinib,0,,all,SLC37A1,0.000369663,IntegratedGradients
Erlotinib,0,,all,AP3B2,0.00038686208,IntegratedGradients
Erlotinib,0,,all,ANXA9,0.00040353008,IntegratedGradients
Erlotinib,0,,all,ARID5A,0.00045294667,IntegratedGradients
Erlotinib,0,,all,LPXN,0.0009225264,IntegratedGradients
Erlotinib,0,,all,NQO1,0.0005910389,IntegratedGradients
Erlotinib,0,,all,LAPTM4A,0.00027850465,IntegratedGradients
Erlotinib,0,,all,AICDA,0.0001461152,IntegratedGradients
Erlotinib,0,,all,FZD5,0.0009234594,IntegratedGradients
Erlotinib,0,,all,KIF5C,0.0007193767,IntegratedGradients
Erlotinib,0,,all,CYP3A5,0.00029404543,IntegratedGradients
Erlotinib,0,,all,CDH2,0.00060726254,IntegratedGradients
Erlotinib,0,,all,TBC1D2,0.0006924806,IntegratedGradients
Erlotinib,0,,all,CEBPA,0.00039026877,IntegratedGradients
Erlotinib,0,,all,ACSL5,0.001485217,IntegratedGradients
Erlotinib,0,,all,ARHGAP32,0.0006032828,IntegratedGradients
Erlotinib,0,,all,PLIN3,0.0004698917,IntegratedGradients
Erlotinib,0,,all,IER3,0.0003553815,IntegratedGradients
Erlotinib,0,,all,NUP210,0.0003272913,IntegratedGradients
Erlotinib,0,,all,COL3A1,0.00034569972,IntegratedGradients
Erlotinib,0,,all,DSC2,0.0005913664,IntegratedGradients
Erlotinib,0,,all,HTRA1,0.0003723937,IntegratedGradients
Erlotinib,0,,all,SMARCA1,0.0006685695,IntegratedGradients
Erlotinib,0,,all,CTSE,0.0006030909,IntegratedGradients
Erlotinib,0,,all,FAP,0.0008155025,IntegratedGradients
Erlotinib,0,,all,ST6GALNAC2,0.0005909039,IntegratedGradients
Erlotinib,0,,all,SYNC,0.0010404469,IntegratedGradients
Erlotinib,0,,all,GNG4,0.0003150888,IntegratedGradients
Erlotinib,0,,all,CKAP4,0.0006561239,IntegratedGradients
Erlotinib,0,,all,CLIP3,0.00029330293,IntegratedGradients
Erlotinib,0,,all,PKP2,0.00097087986,IntegratedGradients
Erlotinib,0,,all,KRT13,0.0008557121,IntegratedGradients
Erlotinib,0,,all,THAP10,0.0011747011,IntegratedGradients
Erlotinib,0,,all,CELF2,0.0012049502,IntegratedGradients
Erlotinib,0,,all,LMO2,0.0003342486,IntegratedGradients
Erlotinib,0,,all,ADIRF,0.00033455165,IntegratedGradients
Erlotinib,0,,all,MPDZ,0.00038131434,IntegratedGradients
Erlotinib,0,,all,FN1,0.0004400942,IntegratedGradients
Erlotinib,0,,all,FUT3,0.0003415495,IntegratedGradients
Erlotinib,0,,all,PEA15,0.00025040456,IntegratedGradients
Erlotinib,0,,all,RIMBP2,0.00022007534,IntegratedGradients
Erlotinib,0,,all,RIPOR2,0.0004747197,IntegratedGradients
Erlotinib,0,,all,ZBTB38,0.0005821926,IntegratedGradients
Erlotinib,0,,all,SEMA3C,0.0008200186,IntegratedGradients
Erlotinib,0,,all,SCGN,0.0003569674,IntegratedGradients
Erlotinib,0,,all,PLAUR,0.00032135556,IntegratedGradients
Erlotinib,0,,all,CTDSPL,0.00040621916,IntegratedGradients
Erlotinib,0,,all,EPS8,0.00038196892,IntegratedGradients
Erlotinib,0,,all,PDZK1IP1,0.00038731535,IntegratedGradients
Erlotinib,0,,all,ALDH1A3,0.00092964974,IntegratedGradients
Erlotinib,0,,all,FGD6,0.00040103443,IntegratedGradients
Erlotinib,0,,all,BATF,0.00039429625,IntegratedGradients
Erlotinib,0,,all,EFEMP2,0.0003181313,IntegratedGradients
Erlotinib,0,,all,HPS4,0.00089202,IntegratedGradients
Erlotinib,0,,all,GLIPR1,0.00036155977,IntegratedGradients
Erlotinib,0,,all,HES1,0.0002696186,IntegratedGradients
Erlotinib,0,,all,GAS2L1,0.0013842328,IntegratedGradients
Erlotinib,0,,all,MYO5A,0.00060376327,IntegratedGradients
Erlotinib,0,,all,TRAM2,0.0002942466,IntegratedGradients
Erlotinib,0,,all,SLC43A1,0.00033269834,IntegratedGradients
Erlotinib,0,,all,BCL11B,0.00024745162,IntegratedGradients
Erlotinib,0,,all,CLIP4,0.00026598445,IntegratedGradients
Erlotinib,0,,all,MRC2,0.000505498,IntegratedGradients
Erlotinib,0,,all,MAPT,0.0003294398,IntegratedGradients
Erlotinib,0,,all,TMEM51,0.00034917437,IntegratedGradients
Erlotinib,0,,all,NTM,0.0004152183,IntegratedGradients
Erlotinib,0,,all,SRGN,0.00035189814,IntegratedGradients
Erlotinib,0,,all,CST6,0.0008651714,IntegratedGradients
Erlotinib,0,,all,MFSD12,0.00024007104,IntegratedGradients
Erlotinib,0,,all,SNAP91,0.00067951565,IntegratedGradients
Erlotinib,0,,all,CDC42BPB,0.00035120992,IntegratedGradients
Erlotinib,0,,all,RASSF2,0.0008318111,IntegratedGradients
Erlotinib,0,,all,LIMA1,0.0003124657,IntegratedGradients
Erlotinib,0,,all,DSG2,0.00048619058,IntegratedGradients
Erlotinib,0,,all,EDNRB,0.0001769992,IntegratedGradients
Erlotinib,0,,all,TUBB2A,0.00063309463,IntegratedGradients
Erlotinib,0,,all,NFIX,0.00042670392,IntegratedGradients
Erlotinib,0,,all,DOCK10,0.0013671077,IntegratedGradients
Erlotinib,0,,all,EFEMP1,0.0005205028,IntegratedGradients
Erlotinib,0,,all,STX2,0.0011087054,IntegratedGradients
Erlotinib,0,,all,CYB561,0.00039291548,IntegratedGradients
Erlotinib,0,,all,TOX3,0.0005358613,IntegratedGradients
Erlotinib,0,,all,RHOF,0.001372319,IntegratedGradients
Erlotinib,0,,all,CTSV,0.00089095224,IntegratedGradients
Erlotinib,0,,all,LDLRAD4,0.00026424133,IntegratedGradients
Erlotinib,0,,all,SGCB,0.00029927064,IntegratedGradients
Erlotinib,0,,all,NECTIN2,0.00048841577,IntegratedGradients
Erlotinib,0,,all,TBC1D16,0.00073491666,IntegratedGradients
Erlotinib,0,,all,CSRP2,0.000229213,IntegratedGradients
Erlotinib,0,,all,IL20RA,0.0004318628,IntegratedGradients
Erlotinib,0,,all,BCAS4,0.00030616552,IntegratedGradients
Erlotinib,0,,all,GNAQ,0.00035744428,IntegratedGradients
Erlotinib,0,,all,TMC6,0.00040562442,IntegratedGradients
Erlotinib,0,,all,CD59,0.0005045513,IntegratedGradients
Erlotinib,0,,all,RECK,0.00027087462,IntegratedGradients
Erlotinib,0,,all,COL18A1,0.0015218904,IntegratedGradients
Erlotinib,0,,all,LPP,0.00028154132,IntegratedGradients
Erlotinib,0,,all,ID1,0.00047819348,IntegratedGradients
Erlotinib,0,,all,MLC1,0.00016983863,IntegratedGradients
Erlotinib,0,,all,SP140,0.00018088815,IntegratedGradients
Erlotinib,0,,all,CDH11,0.00087826553,IntegratedGradients
Erlotinib,0,,all,PRDM1,0.00038496975,IntegratedGradients
Erlotinib,0,,all,PTGES,0.00036238003,IntegratedGradients
Erlotinib,0,,all,RAB11FIP5,0.00072385237,IntegratedGradients
Erlotinib,0,,all,BTG2,0.00037941482,IntegratedGradients
Erlotinib,0,,all,KRT14,0.0010937734,IntegratedGradients
Erlotinib,0,,all,MYO6,0.00034982705,IntegratedGradients
Erlotinib,0,,all,BCL2A1,0.00035360697,IntegratedGradients
Erlotinib,0,,all,PCBD1,0.0007102546,IntegratedGradients
Erlotinib,0,,all,SH2B3,0.00047793772,IntegratedGradients
Erlotinib,0,,all,HOOK2,0.00031041505,IntegratedGradients
Erlotinib,0,,all,PLPP2,0.0012738961,IntegratedGradients
Erlotinib,0,,all,SH3YL1,0.00092551584,IntegratedGradients
Erlotinib,0,,all,MGAT4A,0.00039649924,IntegratedGradients
Erlotinib,0,,all,TCF7L2,0.00025363875,IntegratedGradients
Erlotinib,0,,all,GIPC1,0.00079280336,IntegratedGradients
Erlotinib,0,,all,FGF2,0.00039247796,IntegratedGradients
Erlotinib,0,,all,RNASE6,0.00032932358,IntegratedGradients
Erlotinib,0,,all,UGCG,0.00069521624,IntegratedGradients
Erlotinib,0,,all,RGS13,0.00017960304,IntegratedGradients
Erlotinib,0,,all,ADORA2B,0.0009835396,IntegratedGradients
Erlotinib,0,,all,KIAA0040,0.0011778227,IntegratedGradients
Erlotinib,0,,all,NFATC3,0.00064327597,IntegratedGradients
Erlotinib,0,,all,RBPMS,0.00040841708,IntegratedGradients
Erlotinib,0,,all,ITGB2,0.00047679566,IntegratedGradients
Erlotinib,0,,all,COBL,0.00028745696,IntegratedGradients
Erlotinib,0,,all,CDH13,0.00031118834,IntegratedGradients
Erlotinib,0,,all,SCEL,0.0002946681,IntegratedGradients
Erlotinib,0,,all,PTPN3,0.0010812633,IntegratedGradients
Erlotinib,0,,all,TIMP1,0.00088071136,IntegratedGradients
Erlotinib,0,,all,TEAD3,0.00077025144,IntegratedGradients
Erlotinib,0,,all,LY96,0.0008451355,IntegratedGradients
Erlotinib,0,,all,SPATS2L,0.00034436147,IntegratedGradients
Erlotinib,0,,all,PROCR,0.0008442098,IntegratedGradients
Erlotinib,0,,all,PLCL2,0.0006307698,IntegratedGradients
Erlotinib,0,,all,KRT15,0.000316905,IntegratedGradients
Erlotinib,0,,all,CEACAM6,0.00025829833,IntegratedGradients
Erlotinib,0,,all,MT2A,0.0005633417,IntegratedGradients
Erlotinib,0,,all,PALLD,0.00044269065,IntegratedGradients
Erlotinib,0,,all,AKAP1,0.0009045956,IntegratedGradients
Erlotinib,0,,all,FAT1,0.00039494905,IntegratedGradients
Erlotinib,0,,all,FLT3,0.00023148833,IntegratedGradients
Erlotinib,0,,all,LRP12,0.0004539822,IntegratedGradients
Erlotinib,0,,all,LHFPL6,0.00054298004,IntegratedGradients
Erlotinib,0,,all,SERPINH1,0.00088026497,IntegratedGradients
Erlotinib,0,,all,ARL14,0.0016441303,IntegratedGradients
Erlotinib,0,,all,C14orf132,0.00033692265,IntegratedGradients
Erlotinib,0,,all,FHL1,0.0018353432,IntegratedGradients
Erlotinib,0,,all,CSRNP3,0.00029985784,IntegratedGradients
Erlotinib,0,,all,ELK3,0.0007419605,IntegratedGradients
Erlotinib,0,,all,KLK6,0.00074247783,IntegratedGradients
Erlotinib,0,,all,HSD11B2,0.000460117,IntegratedGradients
Erlotinib,0,,all,ARSJ,0.00032260027,IntegratedGradients
Erlotinib,0,,all,CD44,0.0007407273,IntegratedGradients
Erlotinib,0,,all,RAB32,0.0008567215,IntegratedGradients
Erlotinib,0,,all,LGMN,0.00033564528,IntegratedGradients
Erlotinib,0,,all,RAB33A,0.00048600344,IntegratedGradients
Erlotinib,0,,all,TRIM2,0.00031150988,IntegratedGradients
Erlotinib,0,,all,STXBP2,0.00038299346,IntegratedGradients
Erlotinib,0,,all,TIMP3,0.00082749175,IntegratedGradients
Erlotinib,0,,all,LRRC49,0.0008887407,IntegratedGradients
Erlotinib,0,,all,SLC27A2,0.00042896115,IntegratedGradients
Erlotinib,0,,all,TRIM22,0.0006128939,IntegratedGradients
Erlotinib,0,,all,SH2D4A,0.0004189179,IntegratedGradients
Erlotinib,0,,all,RXRG,0.00026254353,IntegratedGradients
Erlotinib,0,,all,SERPINB1,0.00045872547,IntegratedGradients
Erlotinib,0,,all,KCNK1,0.0015880158,IntegratedGradients
Erlotinib,0,,all,CXCL2,0.0004193848,IntegratedGradients
Erlotinib,0,,all,TBC1D30,0.0009340311,IntegratedGradients
Erlotinib,0,,all,YES1,0.0004050578,IntegratedGradients
Erlotinib,0,,all,EVL,0.000433317,IntegratedGradients
Erlotinib,0,,all,RAB31,0.0003551217,IntegratedGradients
Erlotinib,0,,all,PLEKHG6,0.00035472706,IntegratedGradients
Erlotinib,0,,all,QKI,0.00060067326,IntegratedGradients
Erlotinib,0,,all,IL7R,0.0013303827,IntegratedGradients
Erlotinib,0,,all,LTBR,0.000328275,IntegratedGradients
Erlotinib,0,,all,C1S,0.000290875,IntegratedGradients
Erlotinib,0,,all,CSTA,0.0013606244,IntegratedGradients
Erlotinib,0,,all,COL1A2,0.0008260706,IntegratedGradients
Erlotinib,0,,all,CD33,0.00032342458,IntegratedGradients
Erlotinib,0,,all,PTTG1IP,0.0003882398,IntegratedGradients
Erlotinib,0,,all,CPQ,0.00032669218,IntegratedGradients
Erlotinib,0,,all,NR2F2,0.0002777455,IntegratedGradients
Erlotinib,0,,all,GLI3,0.000515031,IntegratedGradients
Erlotinib,0,,all,SIDT1,0.0005432146,IntegratedGradients
Erlotinib,0,,all,HLA-DOB,0.00018330992,IntegratedGradients
Erlotinib,0,,all,DTX4,0.00027522395,IntegratedGradients
Erlotinib,0,,all,NRP1,0.0003360831,IntegratedGradients
Erlotinib,0,,all,KLK10,0.0003700172,IntegratedGradients
Erlotinib,0,,all,PLOD3,0.00028246705,IntegratedGradients
Erlotinib,0,,all,COX7A1,0.00053453725,IntegratedGradients
Erlotinib,0,,all,FUT1,0.0006269352,IntegratedGradients
Erlotinib,0,,all,DSC3,0.0005120784,IntegratedGradients
Erlotinib,0,,all,EXT1,0.0007911537,IntegratedGradients
Erlotinib,0,,all,IL15RA,0.00036213078,IntegratedGradients
Erlotinib,0,,all,GZMB,0.00019944437,IntegratedGradients
Erlotinib,0,,all,TNS3,0.00049506075,IntegratedGradients
Erlotinib,0,,all,JAKMIP2,0.00038656805,IntegratedGradients
Erlotinib,0,,all,YIPF5,0.0003941804,IntegratedGradients
Erlotinib,0,,all,LOXL1,0.000779238,IntegratedGradients
Erlotinib,0,,all,ADGRG1,0.00036582543,IntegratedGradients
Erlotinib,0,,all,REL,0.0004949151,IntegratedGradients
Erlotinib,0,,all,FCMR,0.00025196752,IntegratedGradients
Erlotinib,0,,all,COL5A2,0.00075954007,IntegratedGradients
Erlotinib,0,,all,RPIA,0.00041206912,IntegratedGradients
Erlotinib,0,,all,TFAP2C,0.0004992362,IntegratedGradients
Erlotinib,0,,all,COL6A3,0.00066595187,IntegratedGradients
Erlotinib,0,,all,THY1,0.00049709843,IntegratedGradients
Erlotinib,0,,all,BDNF,0.0007944214,IntegratedGradients
Erlotinib,0,,all,PARP1,0.00050080096,IntegratedGradients
Erlotinib,0,,all,PKP1,0.0006607967,IntegratedGradients
Erlotinib,0,,all,GATA6,0.0007272192,IntegratedGradients
Erlotinib,0,,all,VCAN,0.0010673951,IntegratedGradients
Erlotinib,0,,all,SRPX2,0.0010588726,IntegratedGradients
Erlotinib,0,,all,IL2RB,0.00015761374,IntegratedGradients
Erlotinib,0,,all,CAMSAP2,0.00032272693,IntegratedGradients
Erlotinib,0,,all,CITED1,0.0005507677,IntegratedGradients
Erlotinib,0,,all,P2RX7,0.0005238431,IntegratedGradients
Erlotinib,0,,all,CEBPD,0.0005218883,IntegratedGradients
Erlotinib,0,,all,APLP1,0.0005450166,IntegratedGradients
Erlotinib,0,,all,RPS6KA1,0.00035563228,IntegratedGradients
Erlotinib,0,,all,ARHGAP29,0.00050814514,IntegratedGradients
Erlotinib,0,,all,ARHGEF28,0.00049446186,IntegratedGradients
Erlotinib,0,,all,CTSB,0.00031709604,IntegratedGradients
Erlotinib,0,,all,PRRG4,0.001030353,IntegratedGradients
Erlotinib,0,,all,ST3GAL6,0.0004550959,IntegratedGradients
Erlotinib,0,,all,CD9,0.00049950916,IntegratedGradients
Erlotinib,0,,all,AHR,0.00044650037,IntegratedGradients
Erlotinib,0,,all,SELENBP1,0.0005625245,IntegratedGradients
Erlotinib,0,,all,FBLN5,0.0004058777,IntegratedGradients
Erlotinib,0,,all,DENND5A,0.0004515554,IntegratedGradients
Erlotinib,0,,all,S100A9,0.0004182652,IntegratedGradients
Erlotinib,0,,all,KCNK12,0.00029585452,IntegratedGradients
Erlotinib,0,,all,CISH,0.00071558345,IntegratedGradients
Erlotinib,0,,all,SEMA4D,0.00040428346,IntegratedGradients
Erlotinib,0,,all,ATOX1,0.0002861116,IntegratedGradients
Erlotinib,0,,all,KCNJ16,0.00035708857,IntegratedGradients
Erlotinib,0,,all,RAB23,0.0011141204,IntegratedGradients
Erlotinib,0,,all,EMILIN1,0.0005038198,IntegratedGradients
Erlotinib,0,,all,APP,0.0002522883,IntegratedGradients
Erlotinib,0,,all,APOH,0.00074889895,IntegratedGradients
Erlotinib,0,,all,LUM,0.00039422163,IntegratedGradients
Erlotinib,0,,all,STMN2,0.0002453771,IntegratedGradients
Erlotinib,0,,all,GFPT2,0.00051910366,IntegratedGradients
Erlotinib,0,,all,RHBDF1,0.00032325808,IntegratedGradients
Erlotinib,0,,all,CD93,0.0004197143,IntegratedGradients
Erlotinib,0,,all,FCER1G,0.00018496078,IntegratedGradients
Erlotinib,0,,all,CPE,0.0007861682,IntegratedGradients
Erlotinib,0,,all,ITPKB,0.00043953792,IntegratedGradients
Erlotinib,0,,all,DSE,0.0004954226,IntegratedGradients
Erlotinib,0,,all,IL1RAP,0.00053567794,IntegratedGradients
Erlotinib,0,,all,DYNLT1,0.00029840216,IntegratedGradients
Erlotinib,0,,all,YPEL1,0.00041697835,IntegratedGradients
Erlotinib,0,,all,ADAMTS1,0.00054589903,IntegratedGradients
Erlotinib,0,,all,MID1,0.00041695443,IntegratedGradients
Erlotinib,0,,all,ZYX,0.00070228346,IntegratedGradients
Erlotinib,0,,all,TAGLN3,0.0005409103,IntegratedGradients
Erlotinib,0,,all,HEBP1,0.0002075575,IntegratedGradients
Erlotinib,0,,all,PLEKHO1,0.00040231473,IntegratedGradients
Erlotinib,0,,all,VNN2,0.00031382375,IntegratedGradients
Erlotinib,0,,all,LYPD3,0.0010894274,IntegratedGradients
Erlotinib,0,,all,TNFAIP8,0.0003792934,IntegratedGradients
Erlotinib,0,,all,DCX,0.00023915402,IntegratedGradients
Erlotinib,0,,all,SERPINB6,0.00033388898,IntegratedGradients
Erlotinib,0,,all,ABLIM3,0.0014717411,IntegratedGradients
Erlotinib,0,,all,GULP1,0.000780558,IntegratedGradients
Erlotinib,0,,all,SDC3,0.00055957003,IntegratedGradients
Erlotinib,0,,all,EBI3,0.00068071816,IntegratedGradients
Erlotinib,0,,all,RUBCNL,0.00022515337,IntegratedGradients
Erlotinib,0,,all,CAPN1,0.00031101884,IntegratedGradients
Erlotinib,0,,all,ELAVL1,0.0002928729,IntegratedGradients
Erlotinib,0,,all,COQ8A,0.00060612767,IntegratedGradients
Erlotinib,0,,all,GCH1,0.00041564618,IntegratedGradients
Erlotinib,0,,all,AOC1,0.0006983744,IntegratedGradients
Erlotinib,0,,all,CAMK2N1,0.00063011266,IntegratedGradients
Erlotinib,0,,all,AGAP1,0.0002818958,IntegratedGradients
Erlotinib,0,,all,PBX1,0.00064693944,IntegratedGradients
Erlotinib,0,,all,TMEM131L,0.00026495857,IntegratedGradients
Erlotinib,0,,all,HACD1,0.00030716046,IntegratedGradients
Erlotinib,0,,all,BMERB1,0.0008959189,IntegratedGradients
Erlotinib,0,,all,IL4R,0.00019749439,IntegratedGradients
Erlotinib,0,,all,PIP4K2C,0.0013785425,IntegratedGradients
Erlotinib,0,,all,DNAJC22,0.00032489808,IntegratedGradients
Erlotinib,0,,all,EMP1,0.00041303062,IntegratedGradients
Erlotinib,0,,all,FAM117A,0.0003708341,IntegratedGradients
Erlotinib,0,,all,APOA2,0.0003913739,IntegratedGradients
Erlotinib,0,,all,FSCN1,0.0006823372,IntegratedGradients
Erlotinib,0,,all,ECM1,0.00055088045,IntegratedGradients
Erlotinib,0,,all,BCL11A,0.0013302992,IntegratedGradients
Erlotinib,0,,all,PLEC,0.00088809105,IntegratedGradients
Erlotinib,0,,all,DKK1,0.0009855776,IntegratedGradients
Erlotinib,0,,all,GRAMD2B,0.000649274,IntegratedGradients
Erlotinib,0,,all,CRTAP,0.0004643779,IntegratedGradients
Erlotinib,0,,all,FOXA2,0.00036809564,IntegratedGradients
Erlotinib,0,,all,DOCK1,0.0007848979,IntegratedGradients
Erlotinib,0,,all,IL1A,0.00067866297,IntegratedGradients
Erlotinib,0,,all,TBX2,0.0005685633,IntegratedGradients
Erlotinib,0,,all,TNFRSF14,0.0010795293,IntegratedGradients
Erlotinib,0,,all,CTSS,0.0010467272,IntegratedGradients
Erlotinib,0,,all,ASGR2,0.00032467057,IntegratedGradients
Erlotinib,0,,all,TPBG,0.00039183197,IntegratedGradients
Erlotinib,0,,all,GCNT3,0.00047604318,IntegratedGradients
Erlotinib,0,,all,LYN,0.0007450481,IntegratedGradients
Erlotinib,0,,all,NACC2,0.00036425845,IntegratedGradients
Erlotinib,0,,all,PTX3,0.0007964332,IntegratedGradients
Erlotinib,0,,all,MCM6,0.00085538515,IntegratedGradients
Erlotinib,0,,all,GADD45B,0.00024613785,IntegratedGradients
Erlotinib,0,,all,CCDC88A,0.0005267922,IntegratedGradients
Erlotinib,0,,all,RUSC2,0.00038714212,IntegratedGradients
Erlotinib,0,,all,EMP2,0.0008608514,IntegratedGradients
Erlotinib,0,,all,SERPINE2,0.0003004217,IntegratedGradients
Erlotinib,0,,all,TNFRSF21,0.0005141405,IntegratedGradients
Erlotinib,0,,all,GLT8D2,0.0004261509,IntegratedGradients
Erlotinib,0,,all,TUBA1A,0.00050267734,IntegratedGradients
Erlotinib,0,,all,SACS,0.000826552,IntegratedGradients
Erlotinib,0,,all,POU3F2,0.0011936958,IntegratedGradients
Erlotinib,0,,all,CELSR2,0.00039553244,IntegratedGradients
Erlotinib,0,,all,SASH1,0.00068530976,IntegratedGradients
Erlotinib,0,,all,SEMA4A,0.0004357803,IntegratedGradients
Erlotinib,0,,all,TRIM38,0.00062067586,IntegratedGradients
Erlotinib,0,,all,PTPRZ1,0.00039321918,IntegratedGradients
Erlotinib,0,,all,AQP3,0.0007888969,IntegratedGradients
Erlotinib,0,,all,FXYD5,0.00053464784,IntegratedGradients
Erlotinib,0,,all,FBXL7,0.00058316294,IntegratedGradients
Erlotinib,0,,all,STAP2,0.00064572814,IntegratedGradients
Erlotinib,0,,all,TSEN34,0.00038170023,IntegratedGradients
Erlotinib,0,,all,TESC,0.0005985013,IntegratedGradients
Erlotinib,0,,all,GUCY2C,0.00016915744,IntegratedGradients
Erlotinib,0,,all,RET,0.00034719115,IntegratedGradients
Erlotinib,0,,all,CREB3L1,0.00042880152,IntegratedGradients
Erlotinib,0,,all,PIK3C2B,0.00092607696,IntegratedGradients
Erlotinib,0,,all,CTNNA1,0.0010875176,IntegratedGradients
Erlotinib,0,,all,TEAD4,0.0007387528,IntegratedGradients
Erlotinib,0,,all,ANO1,0.0006964938,IntegratedGradients
Erlotinib,0,,all,CASP8,0.0005100563,IntegratedGradients
Erlotinib,0,,all,BLM,0.0005136159,IntegratedGradients
Erlotinib,0,,all,SNX24,0.00086927967,IntegratedGradients
Erlotinib,0,,all,PTPN12,0.0002781781,IntegratedGradients
Erlotinib,0,,all,GAL3ST1,0.0008067997,IntegratedGradients
Erlotinib,0,,all,ITM2A,0.00030589546,IntegratedGradients
Erlotinib,0,,all,SALL2,0.0013675186,IntegratedGradients
Erlotinib,0,,all,ZNF185,0.0003613774,IntegratedGradients
Erlotinib,0,,all,BNC1,0.0005949202,IntegratedGradients
Erlotinib,0,,all,PLPPR4,0.00030588332,IntegratedGradients
Erlotinib,0,,all,ALDH3A1,0.0014967155,IntegratedGradients
Erlotinib,0,,all,SIRPA,0.00086523837,IntegratedGradients
Erlotinib,0,,all,P3H2,0.0006562069,IntegratedGradients
Erlotinib,0,,all,RNF138,0.0005742778,IntegratedGradients
Erlotinib,0,,all,FRAT2,0.00028639546,IntegratedGradients
Erlotinib,0,,all,IGFBP7,0.0010803001,IntegratedGradients
Erlotinib,0,,all,P2RX1,0.00021579926,IntegratedGradients
Erlotinib,0,,all,PDGFRA,0.000355554,IntegratedGradients
Erlotinib,0,,all,MYO1E,0.0005083186,IntegratedGradients
Erlotinib,0,,all,DENND2B,0.00048392778,IntegratedGradients
Erlotinib,0,,all,GNG11,0.00058899535,IntegratedGradients
Erlotinib,0,,all,CD248,0.0003440772,IntegratedGradients
Erlotinib,0,,all,MREG,0.0002637009,IntegratedGradients
Erlotinib,0,,all,CCDC68,0.0009807956,IntegratedGradients
Erlotinib,0,,all,AEBP1,0.00031312392,IntegratedGradients
Erlotinib,0,,all,RASSF7,0.00035656843,IntegratedGradients
Erlotinib,0,,all,CEMIP,0.00065770664,IntegratedGradients
Erlotinib,0,,all,CARD8,0.00034114317,IntegratedGradients
Erlotinib,0,,all,LAT2,0.00024981322,IntegratedGradients
Erlotinib,0,,all,PIMREG,0.0009723373,IntegratedGradients
Erlotinib,0,,all,VILL,0.00077998097,IntegratedGradients
Erlotinib,0,,all,SOX13,0.0003842613,IntegratedGradients
Erlotinib,0,,all,SLAMF7,0.0011641808,IntegratedGradients
Erlotinib,0,,all,EDEM1,0.00026285817,IntegratedGradients
Erlotinib,0,,all,MYO10,0.00036467254,IntegratedGradients
Erlotinib,0,,all,BNC2,0.0010520346,IntegratedGradients
Erlotinib,0,,all,NET1,0.0006987327,IntegratedGradients
Erlotinib,0,,all,LPAR1,0.0015000247,IntegratedGradients
Erlotinib,0,,all,SLC22A4,0.0005366125,IntegratedGradients
Erlotinib,0,,all,SCARB2,0.0002759665,IntegratedGradients
Erlotinib,0,,all,RIPK4,0.0003318692,IntegratedGradients
Erlotinib,0,,all,CTSA,0.00058392005,IntegratedGradients
Erlotinib,0,,all,MYLK,0.00068152416,IntegratedGradients
Erlotinib,0,,all,SPR,0.0008485957,IntegratedGradients
Erlotinib,0,,all,PAM,0.0004158604,IntegratedGradients
Erlotinib,0,,all,LIF,0.0007249301,IntegratedGradients
Erlotinib,0,,all,AFAP1,0.00081325,IntegratedGradients
Erlotinib,0,,all,ACSM3,0.00032577533,IntegratedGradients
Erlotinib,0,,all,DST,0.000330047,IntegratedGradients
Erlotinib,0,,all,ALDH3A2,0.0010811135,IntegratedGradients
Erlotinib,0,,all,DHX32,0.00027568068,IntegratedGradients
Erlotinib,0,,all,FAM216A,0.0010662038,IntegratedGradients
Erlotinib,0,,all,CHN1,0.0007174211,IntegratedGradients
Erlotinib,0,,all,SFXN3,0.00055021624,IntegratedGradients
Erlotinib,0,,all,CDH19,0.00024270939,IntegratedGradients
Erlotinib,0,,all,TFPI2,0.00049464783,IntegratedGradients
Erlotinib,0,,all,PIP4K2A,0.00035187192,IntegratedGradients
Erlotinib,0,,all,TNFAIP6,0.0002971385,IntegratedGradients
Erlotinib,0,,all,TNFAIP2,0.0011391178,IntegratedGradients
Erlotinib,0,,all,MEAK7,0.001088233,IntegratedGradients
Erlotinib,0,,all,RAB11FIP1,0.00040098175,IntegratedGradients
Erlotinib,0,,all,NUAK2,0.00039350032,IntegratedGradients
Erlotinib,0,,all,ARID3A,0.00033519175,IntegratedGradients
Erlotinib,0,,all,PLXNC1,0.00051768334,IntegratedGradients
Erlotinib,0,,all,VGLL3,0.00051051436,IntegratedGradients
Erlotinib,0,,all,RNF11,0.000411192,IntegratedGradients
Erlotinib,0,,all,BLVRB,0.00059556635,IntegratedGradients
Erlotinib,0,,all,PAWR,0.00039306437,IntegratedGradients
Erlotinib,0,,all,GPNMB,0.00046287768,IntegratedGradients
Erlotinib,0,,all,PTN,0.0012124272,IntegratedGradients
Erlotinib,0,,all,SCG2,0.0004220159,IntegratedGradients
Erlotinib,0,,all,SV2A,0.00051789015,IntegratedGradients
Erlotinib,0,,all,LYST,0.00077942753,IntegratedGradients
Erlotinib,0,,all,ABHD18,0.00028007073,IntegratedGradients
Erlotinib,0,,all,CYFIP1,0.00036771188,IntegratedGradients
Erlotinib,0,,all,GAS1,0.00050958677,IntegratedGradients
Erlotinib,0,,all,SPOCK1,0.001235236,IntegratedGradients
Erlotinib,0,,all,DUSP3,0.0007832915,IntegratedGradients
Erlotinib,0,,all,FAM163A,0.00051658,IntegratedGradients
Erlotinib,0,,all,PRSS16,0.0003146778,IntegratedGradients
Erlotinib,0,,all,WLS,0.0005653239,IntegratedGradients
Erlotinib,0,,all,DUSP26,0.00022366909,IntegratedGradients
Erlotinib,0,,all,GIMAP6,0.00035930533,IntegratedGradients
Erlotinib,0,,all,TAGLN,0.00034622653,IntegratedGradients
Erlotinib,0,,all,CAST,0.00033882022,IntegratedGradients
Erlotinib,0,,all,CNTNAP1,0.00038079426,IntegratedGradients
Erlotinib,0,,all,TTC9,0.0015832586,IntegratedGradients
Erlotinib,0,,all,SLC16A5,0.0004758476,IntegratedGradients
Erlotinib,0,,all,EML1,0.00039036202,IntegratedGradients
Erlotinib,0,,all,KLF4,0.00063627574,IntegratedGradients
Erlotinib,0,,all,FGF18,0.00059481064,IntegratedGradients
Erlotinib,0,,all,JAG1,0.0009441867,IntegratedGradients
Erlotinib,0,,all,SMURF2,0.00024306112,IntegratedGradients
Erlotinib,0,,all,LGALS3BP,0.00034751804,IntegratedGradients
Erlotinib,0,,all,MARC1,0.0015074133,IntegratedGradients
Erlotinib,0,,all,LDB2,0.00094134075,IntegratedGradients
Erlotinib,0,,all,ARNTL2,0.0008874074,IntegratedGradients
Erlotinib,0,,all,ELL2,0.000765204,IntegratedGradients
Erlotinib,0,,all,ST6GAL1,0.00050229323,IntegratedGradients
Erlotinib,0,,all,PASK,0.00090267305,IntegratedGradients
Erlotinib,0,,all,MGAT4B,0.00045173775,IntegratedGradients
Erlotinib,0,,all,SLC44A4,0.00066309795,IntegratedGradients
Erlotinib,0,,all,ATP8A1,0.000797514,IntegratedGradients
Erlotinib,0,,all,GNPDA1,0.00021779613,IntegratedGradients
Erlotinib,0,,all,AMIGO2,0.00043559863,IntegratedGradients
Erlotinib,0,,all,TCEAL9,0.0007290792,IntegratedGradients
Erlotinib,0,,all,JAM3,0.00052254845,IntegratedGradients
Erlotinib,0,,all,LBR,0.0005284669,IntegratedGradients
Erlotinib,0,,all,RUNX3,0.00047549978,IntegratedGradients
Erlotinib,0,,all,PRKCQ,0.0009901773,IntegratedGradients
Erlotinib,0,,all,CDC42EP1,0.00064226193,IntegratedGradients
Erlotinib,0,,all,POSTN,0.0005926426,IntegratedGradients
Erlotinib,0,,all,KIF1C,0.0015388023,IntegratedGradients
Erlotinib,0,,all,ATP9A,0.00031004628,IntegratedGradients
Erlotinib,0,,all,ATP10B,0.0018378346,IntegratedGradients
Erlotinib,0,,all,LAMP2,0.00091393146,IntegratedGradients
Erlotinib,0,,all,DZIP1,0.0003771466,IntegratedGradients
Erlotinib,0,,all,CRYAB,0.0004961758,IntegratedGradients
Erlotinib,0,,all,S100A1,0.00026348518,IntegratedGradients
Erlotinib,0,,all,GLS2,0.0005051924,IntegratedGradients
Erlotinib,0,,all,ETS2,0.0010102353,IntegratedGradients
Erlotinib,0,,all,RGS17,0.00042561872,IntegratedGradients
Erlotinib,0,,all,GTF2IRD1,0.0002734233,IntegratedGradients
Erlotinib,0,,all,BCL7A,0.00033484047,IntegratedGradients
Erlotinib,0,,all,IGFBP3,0.0017676925,IntegratedGradients
Erlotinib,0,,all,NECTIN3,0.000955044,IntegratedGradients
Erlotinib,0,,all,MCM2,0.00025812045,IntegratedGradients
Erlotinib,0,,all,FEZ2,0.0006692298,IntegratedGradients
Erlotinib,0,,all,RPARP-AS1,0.0005458175,IntegratedGradients
Erlotinib,0,,all,GJA1,0.0020640926,IntegratedGradients
Erlotinib,0,,all,GDF15,0.00078160246,IntegratedGradients
Erlotinib,0,,all,LRP5,0.00027404926,IntegratedGradients
Erlotinib,0,,all,ZFP36L1,0.0006889816,IntegratedGradients
Erlotinib,0,,all,KLHL23,0.00080354983,IntegratedGradients
Erlotinib,0,,all,PLOD1,0.00028946236,IntegratedGradients
Erlotinib,0,,all,FABP1,0.00014437048,IntegratedGradients
Erlotinib,0,,all,TGM2,0.00033655457,IntegratedGradients
Erlotinib,0,,all,ANK2,0.00044504262,IntegratedGradients
Erlotinib,0,,all,AOPEP,0.00020669405,IntegratedGradients
Erlotinib,0,,all,HMGB2,0.0002990339,IntegratedGradients
Erlotinib,0,,all,CDC42EP3,0.00047038335,IntegratedGradients
Erlotinib,0,,all,DGKA,0.0005507676,IntegratedGradients
Erlotinib,0,,all,RBM38,0.00028099303,IntegratedGradients
Erlotinib,0,,all,RHOQ,0.00052552705,IntegratedGradients
Erlotinib,0,,all,NXF3,0.0002022682,IntegratedGradients
Erlotinib,0,,all,SYNE3,0.00038625608,IntegratedGradients
Erlotinib,0,,all,ALDH3B1,0.0003471566,IntegratedGradients
Erlotinib,0,,all,PCBP4,0.00053654134,IntegratedGradients
Erlotinib,0,,all,CLEC11A,0.00085777533,IntegratedGradients
Erlotinib,0,,all,TMEM184B,0.0006180842,IntegratedGradients
Erlotinib,0,,all,NOTCH2,0.0003431966,IntegratedGradients
Erlotinib,0,,all,ADRB2,0.00085670716,IntegratedGradients
Erlotinib,0,,all,TCF7,0.0005318041,IntegratedGradients
Erlotinib,0,,all,CXXC4,0.00041187086,IntegratedGradients
Erlotinib,0,,all,PPM1E,0.00070192036,IntegratedGradients
Erlotinib,0,,all,MARK1,0.00049541285,IntegratedGradients
Erlotinib,0,,all,HLX,0.00036483307,IntegratedGradients
Erlotinib,0,,all,TNIP1,0.0007396986,IntegratedGradients
Erlotinib,0,,all,EAF2,0.0010303102,IntegratedGradients
Erlotinib,0,,all,TSPOAP1,0.00040139002,IntegratedGradients
Erlotinib,0,,all,WSB2,0.00027022616,IntegratedGradients
Erlotinib,0,,all,MFAP4,0.0002620506,IntegratedGradients
Erlotinib,0,,all,ZMYM1,0.00054667646,IntegratedGradients
Erlotinib,0,,all,SSH1,0.0008665962,IntegratedGradients
Erlotinib,0,,all,DCK,0.00070352154,IntegratedGradients
Erlotinib,0,,all,RTN1,0.00023993474,IntegratedGradients
Erlotinib,0,,all,FLNB,0.0007306838,IntegratedGradients
Erlotinib,0,,all,TNFRSF1B,0.00031585054,IntegratedGradients
Erlotinib,0,,all,ICAM4,0.00032339114,IntegratedGradients
Erlotinib,0,,all,CDR2L,0.000572118,IntegratedGradients
Erlotinib,0,,all,PCYOX1,0.00077050755,IntegratedGradients
Erlotinib,0,,all,OLFML2A,0.00037824447,IntegratedGradients
Erlotinib,0,,all,CD180,0.00021455079,IntegratedGradients
Erlotinib,0,,all,IRF1,0.0002564479,IntegratedGradients
Erlotinib,0,,all,GBP1,0.0003654278,IntegratedGradients
Erlotinib,0,,all,ATP6V0E1,0.000568606,IntegratedGradients
Erlotinib,0,,all,COL16A1,0.0006687043,IntegratedGradients
Erlotinib,0,,all,FLNA,0.00025857036,IntegratedGradients
Erlotinib,0,,all,ARMCX1,0.00036777754,IntegratedGradients
Erlotinib,0,,all,MAP1A,0.00033275996,IntegratedGradients
Erlotinib,0,,all,SYT13,0.0005081791,IntegratedGradients
Erlotinib,0,,all,RAB3B,0.00066202617,IntegratedGradients
Erlotinib,0,,all,CAVIN3,0.0014160492,IntegratedGradients
Erlotinib,0,,all,SQOR,0.00043125017,IntegratedGradients
Erlotinib,0,,all,CCL22,0.0002587798,IntegratedGradients
Erlotinib,0,,all,CMAHP,0.00039386592,IntegratedGradients
Erlotinib,0,,all,DPYSL3,0.0006155212,IntegratedGradients
Erlotinib,0,,all,ARAP2,0.0005002637,IntegratedGradients
Erlotinib,0,,all,TENT5A,0.00063390034,IntegratedGradients
Erlotinib,0,,all,DRAM1,0.0007088857,IntegratedGradients
Erlotinib,0,,all,TGFBR2,0.00053786905,IntegratedGradients
Erlotinib,0,,all,EPB41L1,0.00039207292,IntegratedGradients
Erlotinib,0,,all,PPFIBP2,0.0005387692,IntegratedGradients
Erlotinib,0,,all,MAPRE2,0.00046649584,IntegratedGradients
Erlotinib,0,,all,DENND3,0.0004058254,IntegratedGradients
Erlotinib,0,,all,KCNE4,0.0003667657,IntegratedGradients
Erlotinib,0,,all,MECOM,0.00075401814,IntegratedGradients
Erlotinib,0,,all,HS3ST1,0.0004273352,IntegratedGradients
Erlotinib,0,,all,CEMIP2,0.0005754389,IntegratedGradients
Erlotinib,0,,all,FYB1,0.0009423428,IntegratedGradients
Erlotinib,0,,all,TOR4A,0.00081930734,IntegratedGradients
Erlotinib,0,,all,ANP32A,0.0004332504,IntegratedGradients
Erlotinib,0,,all,SLC4A8,0.00021857016,IntegratedGradients
Erlotinib,0,,all,CD46,0.00024843361,IntegratedGradients
Erlotinib,0,,all,LTBP2,0.00072697666,IntegratedGradients
Erlotinib,0,,all,CD96,0.00018469195,IntegratedGradients
Erlotinib,0,,all,PIEZO1,0.00028138096,IntegratedGradients
Erlotinib,0,,all,DACT1,0.00079264544,IntegratedGradients
Erlotinib,0,,all,DCP2,0.0005183777,IntegratedGradients
Erlotinib,0,,all,VMP1,0.00032562477,IntegratedGradients
Erlotinib,0,,all,ARF4,0.0007964823,IntegratedGradients
Erlotinib,0,,all,PRKCD,0.00027415415,IntegratedGradients
Erlotinib,0,,all,GBE1,0.0004499221,IntegratedGradients
Erlotinib,0,,all,MARCKS,0.00046847865,IntegratedGradients
Erlotinib,0,,all,PYGL,0.00037114846,IntegratedGradients
Erlotinib,0,,all,SYNM,0.00031666638,IntegratedGradients
Erlotinib,0,,all,SPRR1B,0.0003085625,IntegratedGradients
Erlotinib,0,,all,TRPV2,0.0003556847,IntegratedGradients
Erlotinib,0,,all,TFEB,0.0005506653,IntegratedGradients
Erlotinib,0,,all,EFHD1,0.0010846236,IntegratedGradients
Erlotinib,0,,all,INPP5F,0.00086670456,IntegratedGradients
Erlotinib,0,,all,NAV3,0.0008170977,IntegratedGradients
Erlotinib,0,,all,TMEM45A,0.000359774,IntegratedGradients
Erlotinib,0,,all,CEP170B,0.0003463401,IntegratedGradients
Erlotinib,0,,all,MBNL1,0.00044386083,IntegratedGradients
Erlotinib,0,,all,BEX3,0.00076757954,IntegratedGradients
Erlotinib,0,,all,OR7E14P,0.00039895973,IntegratedGradients
Erlotinib,0,,all,COPZ2,0.0006075301,IntegratedGradients
Erlotinib,0,,all,ADCY6,0.00041907773,IntegratedGradients
Erlotinib,0,,all,MAFF,0.0002824157,IntegratedGradients
Erlotinib,0,,all,NR0B2,0.00022470752,IntegratedGradients
Erlotinib,0,,all,RASGRP3,0.0005483053,IntegratedGradients
Erlotinib,0,,all,HLA-DMB,0.00037843446,IntegratedGradients
Erlotinib,0,,all,EDIL3,0.0007998011,IntegratedGradients
Erlotinib,0,,all,GDAP1L1,0.00032598712,IntegratedGradients
Erlotinib,0,,all,PTPRM,0.00047494535,IntegratedGradients
Erlotinib,0,,all,COTL1,0.0010487784,IntegratedGradients
Erlotinib,0,,all,FGFR1,0.0010992261,IntegratedGradients
Erlotinib,0,,all,ANO10,0.0006216918,IntegratedGradients
Erlotinib,0,,all,GATA2,0.00090565946,IntegratedGradients
Erlotinib,0,,all,MTF2,0.00047989737,IntegratedGradients
Erlotinib,0,,all,PMEPA1,0.0009181972,IntegratedGradients
Erlotinib,0,,all,CHN2,0.00044282986,IntegratedGradients
Erlotinib,0,,all,TFAP2A,0.00029712822,IntegratedGradients
Erlotinib,0,,all,MGLL,0.0004678155,IntegratedGradients
Erlotinib,0,,all,UBE2J1,0.00054292456,IntegratedGradients
Erlotinib,0,,all,NOL3,0.00074508163,IntegratedGradients
Erlotinib,0,,all,TTLL7,0.0013583647,IntegratedGradients
Erlotinib,0,,all,SLC9A3R1,0.00028710495,IntegratedGradients
Erlotinib,0,,all,FBXO41,0.0003114682,IntegratedGradients
Erlotinib,0,,all,MCCC2,0.0009270969,IntegratedGradients
Erlotinib,0,,all,FNBP1,0.00025401296,IntegratedGradients
Erlotinib,0,,all,CD300A,0.00035835445,IntegratedGradients
Erlotinib,0,,all,MMP14,0.0015734063,IntegratedGradients
Erlotinib,0,,all,PRR36,0.0004455037,IntegratedGradients
Erlotinib,0,,all,MICAL1,0.0015518084,IntegratedGradients
Erlotinib,0,,all,APOE,0.00045544206,IntegratedGradients
Erlotinib,0,,all,RNF128,0.00059022894,IntegratedGradients
Erlotinib,0,,all,FSD1,0.00027961063,IntegratedGradients
Erlotinib,0,,all,SGCE,0.000845829,IntegratedGradients
Erlotinib,0,,all,MCM3,0.00069371186,IntegratedGradients
Erlotinib,0,,all,MXRA8,0.0005906377,IntegratedGradients
Erlotinib,0,,all,RRBP1,0.0016107595,IntegratedGradients
Erlotinib,0,,all,CXXC1,0.00059227174,IntegratedGradients
Erlotinib,0,,all,FGA,0.00038053782,IntegratedGradients
Erlotinib,0,,all,BCAM,0.00083385716,IntegratedGradients
Erlotinib,0,,all,CHST10,0.0019384407,IntegratedGradients
Erlotinib,0,,all,JADE1,0.00042664848,IntegratedGradients
Erlotinib,0,,all,TACC2,0.0010553328,IntegratedGradients
Erlotinib,0,,all,RGS20,0.00079943857,IntegratedGradients
Erlotinib,0,,all,RNASEH2B,0.000288033,IntegratedGradients
Erlotinib,0,,all,SORL1,0.00072697137,IntegratedGradients
Erlotinib,0,,all,GNAI1,0.00025998964,IntegratedGradients
Erlotinib,0,,all,STEAP1,0.0007094672,IntegratedGradients
Erlotinib,0,,all,CDT1,0.00034810984,IntegratedGradients
Erlotinib,0,,all,BGN,0.00050337537,IntegratedGradients
Erlotinib,0,,all,ZBED2,0.0005316256,IntegratedGradients
Erlotinib,0,,all,FLNC,0.0004454669,IntegratedGradients
Erlotinib,0,,all,NGLY1,0.00080794946,IntegratedGradients
Erlotinib,0,,all,CRYBG1,0.00044200823,IntegratedGradients
Erlotinib,0,,all,NMI,0.0010436107,IntegratedGradients
Erlotinib,0,,all,AOX1,0.00036308126,IntegratedGradients
Erlotinib,0,,all,BMP4,0.0004220596,IntegratedGradients
Erlotinib,0,,all,KIF13A,0.0012336082,IntegratedGradients
Erlotinib,0,,all,FGF14,0.00032782045,IntegratedGradients
Erlotinib,0,,all,CA12,0.0007495479,IntegratedGradients
Erlotinib,0,,all,CYP27A1,0.00053869805,IntegratedGradients
Erlotinib,0,,all,EZH2,0.00027845195,IntegratedGradients
Erlotinib,0,,all,IL2RA,0.000110139095,IntegratedGradients
Erlotinib,0,,all,RBMS1,0.0003468117,IntegratedGradients
Erlotinib,0,,all,AKT3,0.0005984958,IntegratedGradients
Erlotinib,0,,all,FZD2,0.00031171233,IntegratedGradients
Erlotinib,0,,all,NFIB,0.000717,IntegratedGradients
Erlotinib,0,,all,ARNT2,0.00093264156,IntegratedGradients
Erlotinib,0,,all,SPRY2,0.0016116311,IntegratedGradients
Erlotinib,0,,all,TOP2B,0.0003856796,IntegratedGradients
Erlotinib,0,,all,VDR,0.0003222765,IntegratedGradients
Erlotinib,0,,all,CALCB,0.00034668206,IntegratedGradients
Erlotinib,0,,all,TTR,0.000594253,IntegratedGradients
Erlotinib,0,,all,CYBRD1,0.00039437242,IntegratedGradients
Erlotinib,0,,all,GREM2,0.0004087038,IntegratedGradients
Erlotinib,0,,all,KCNN4,0.00035606933,IntegratedGradients
Erlotinib,0,,all,DOK4,0.00051154295,IntegratedGradients
Erlotinib,0,,all,SPART,0.00034753123,IntegratedGradients
Erlotinib,0,,all,ANXA5,0.00028656848,IntegratedGradients
Erlotinib,0,,all,TCEAL4,0.0008007338,IntegratedGradients
Erlotinib,0,,all,MCFD2,0.00087113946,IntegratedGradients
Erlotinib,0,,all,DLK2,0.00059839233,IntegratedGradients
Erlotinib,0,,all,GJB1,0.00043089243,IntegratedGradients
Erlotinib,0,,all,SLC31A2,0.0008230836,IntegratedGradients
Erlotinib,0,,all,BNIP3,0.00086413044,IntegratedGradients
Erlotinib,0,,all,HSPB8,0.0005273982,IntegratedGradients
Erlotinib,0,,all,KIF1B,0.0002564443,IntegratedGradients
Erlotinib,0,,all,DLG5,0.0003559479,IntegratedGradients
Erlotinib,0,,all,TAF5,0.0003253841,IntegratedGradients
Erlotinib,0,,all,TRO,0.00035378253,IntegratedGradients
Erlotinib,0,,all,STK17B,0.00042026473,IntegratedGradients
Erlotinib,0,,all,SHC1,0.00059239194,IntegratedGradients
Erlotinib,0,,all,IL6R,0.00047680156,IntegratedGradients
Erlotinib,0,,all,DLC1,0.001217756,IntegratedGradients
Erlotinib,0,,all,SEMA6A,0.00055464153,IntegratedGradients
Erlotinib,0,,all,BIK,0.0013520378,IntegratedGradients
Erlotinib,0,,all,CEACAM1,0.0005799836,IntegratedGradients
Erlotinib,0,,all,SQSTM1,0.0003869866,IntegratedGradients
Erlotinib,0,,all,PAPSS2,0.0002863773,IntegratedGradients
Erlotinib,0,,all,DAAM1,0.000382493,IntegratedGradients
Erlotinib,0,,all,MYBL1,0.0005003475,IntegratedGradients
Erlotinib,0,,all,OSBPL10,0.00040920137,IntegratedGradients
Erlotinib,0,,all,GJC1,0.0006490872,IntegratedGradients
Erlotinib,0,,all,INPP1,0.0010480547,IntegratedGradients
Erlotinib,0,,all,ADGRG6,0.000621231,IntegratedGradients
Erlotinib,0,,all,JAG2,0.0006552561,IntegratedGradients
Erlotinib,0,,all,BACE2,0.00064307207,IntegratedGradients
Erlotinib,0,,all,GRK3,0.00037429694,IntegratedGradients
Erlotinib,0,,all,BTBD3,0.0006620059,IntegratedGradients
Erlotinib,0,,all,ERBB2,0.0007344763,IntegratedGradients
Erlotinib,0,,all,PRKCZ,0.0005023709,IntegratedGradients
Erlotinib,0,,all,VASH2,0.000232367,IntegratedGradients
Erlotinib,0,,all,TRAC,0.0002546322,IntegratedGradients
Erlotinib,0,,all,VRK1,0.0003300713,IntegratedGradients
Erlotinib,0,,all,TAOK3,0.00037785666,IntegratedGradients
Erlotinib,0,,all,LHFPL2,0.00049018156,IntegratedGradients
Erlotinib,0,,all,SMAD3,0.000495936,IntegratedGradients
Erlotinib,0,,all,PLXNB2,0.0002723801,IntegratedGradients
Erlotinib,0,,all,ORC1,0.0009063845,IntegratedGradients
Erlotinib,0,,all,SLC2A5,0.00019227284,IntegratedGradients
Erlotinib,0,,all,COL7A1,0.00031007605,IntegratedGradients
Erlotinib,0,,all,SOX17,0.0010145884,IntegratedGradients
Erlotinib,0,,all,TCF7L1,0.000996227,IntegratedGradients
Erlotinib,0,,all,FOXF1,0.0007522362,IntegratedGradients
Erlotinib,0,,all,NEBL,0.00081889157,IntegratedGradients
Erlotinib,0,,all,TNFRSF17,0.00018558986,IntegratedGradients
Erlotinib,0,,all,IKZF1,0.00018024801,IntegratedGradients
Erlotinib,0,,all,BTK,0.00020080418,IntegratedGradients
Erlotinib,0,,all,SASH3,0.00017979242,IntegratedGradients
Erlotinib,0,,all,S100B,0.00020505783,IntegratedGradients
Erlotinib,0,,all,CD19,0.00029723582,IntegratedGradients
Erlotinib,0,,all,GMFG,0.0002416821,IntegratedGradients
Erlotinib,0,,all,CD37,0.00035511088,IntegratedGradients
Erlotinib,0,,all,AMOTL2,0.0003165071,IntegratedGradients
Erlotinib,0,,all,TYR,0.00019221085,IntegratedGradients
Erlotinib,0,,all,TCL1A,0.0002637692,IntegratedGradients
Erlotinib,0,,all,CD79A,0.00016898917,IntegratedGradients
Erlotinib,0,,all,GRHL2,0.0012056943,IntegratedGradients
Erlotinib,0,,all,MYOF,0.0014047157,IntegratedGradients
Erlotinib,0,,all,TNFRSF12A,0.0003966379,IntegratedGradients
Erlotinib,0,,all,PTPRC,0.00026228558,IntegratedGradients
Erlotinib,0,,all,NCKAP1L,0.00033005318,IntegratedGradients
Erlotinib,0,,all,RHOH,0.00020945714,IntegratedGradients
Erlotinib,0,,all,PLP1,0.00030599514,IntegratedGradients
Erlotinib,0,,all,RAB25,0.00046261447,IntegratedGradients
Erlotinib,0,,all,ST14,0.00061348616,IntegratedGradients
Erlotinib,0,,all,TJP1,0.00019462798,IntegratedGradients
Erlotinib,0,,all,EPCAM,0.00036321383,IntegratedGradients
Erlotinib,0,,all,ESRP2,0.0005219532,IntegratedGradients
Erlotinib,0,,all,SLC45A2,0.00028722043,IntegratedGradients
Erlotinib,0,,all,MAP4K1,0.00027509264,IntegratedGradients
Erlotinib,0,,all,NCKAP1,0.0003837362,IntegratedGradients
Erlotinib,0,,all,CDS1,0.0004962976,IntegratedGradients
Erlotinib,0,,all,EPS8L3,0.00018549555,IntegratedGradients
Erlotinib,0,,all,LYL1,0.00020195394,IntegratedGradients
Erlotinib,0,,all,SPINT1,0.00037320238,IntegratedGradients
Erlotinib,0,,all,LRMP,0.0004046807,IntegratedGradients
Erlotinib,0,,all,ARHGAP15,0.00028630497,IntegratedGradients
Erlotinib,0,,all,EPHA2,0.00033494126,IntegratedGradients
Erlotinib,0,,all,PRSS8,0.0015760385,IntegratedGradients
Erlotinib,0,,all,CXorf21,0.000319929,IntegratedGradients
Erlotinib,0,,all,OVOL2,0.0018843554,IntegratedGradients
Erlotinib,0,,all,NCF4,0.00027605426,IntegratedGradients
Erlotinib,0,,all,MS4A1,0.00012754905,IntegratedGradients
Erlotinib,0,,all,PTPN7,0.00018077923,IntegratedGradients
Erlotinib,0,,all,PMEL,0.00018536938,IntegratedGradients
Erlotinib,0,,all,CORO1A,0.00037680264,IntegratedGradients
Erlotinib,0,,all,CDH1,0.00026204868,IntegratedGradients
Erlotinib,0,,all,LAD1,0.00030890803,IntegratedGradients
Erlotinib,0,,all,C1orf116,0.00062447815,IntegratedGradients
Erlotinib,0,,all,SCG3,0.00027885925,IntegratedGradients
Erlotinib,0,,all,CPN1,0.00039264222,IntegratedGradients
Erlotinib,0,,all,RNASE2,0.00012110429,IntegratedGradients
Erlotinib,0,,all,ACTL6B,0.00024957498,IntegratedGradients
Erlotinib,0,,all,DCT,0.00016342814,IntegratedGradients
Erlotinib,0,,all,INPP5D,0.000538075,IntegratedGradients
Erlotinib,0,,all,CAVIN1,0.0003393319,IntegratedGradients
Erlotinib,0,,all,TMEM30B,0.0004779492,IntegratedGradients
Erlotinib,0,,all,JCHAIN,0.0004348802,IntegratedGradients
Erlotinib,0,,all,MISP,0.00063323235,IntegratedGradients
Erlotinib,0,,all,CD72,0.00038338586,IntegratedGradients
Erlotinib,0,,all,WAS,0.000291148,IntegratedGradients
Erlotinib,0,,all,CD22,0.00034397282,IntegratedGradients
Erlotinib,0,,all,RUNDC3A,0.0005501935,IntegratedGradients
Erlotinib,0,,all,HAND2-AS1,0.00014952572,IntegratedGradients
Erlotinib,0,,all,MFNG,0.00037657816,IntegratedGradients
Erlotinib,0,,all,LAPTM5,0.0004938333,IntegratedGradients
Erlotinib,0,,all,DENND1C,0.0002661018,IntegratedGradients
Erlotinib,0,,all,TRAF3IP3,0.00024409579,IntegratedGradients
Erlotinib,0,,all,CDK5R2,0.00022761029,IntegratedGradients
Erlotinib,0,,all,MIR5195,0.00019320444,IntegratedGradients
Erlotinib,0,,all,CD48,0.00015995896,IntegratedGradients
Erlotinib,0,,all,CAV2,0.00030233045,IntegratedGradients
Erlotinib,0,,all,CTSG,0.00012810722,IntegratedGradients
Erlotinib,0,,all,CRIM1,0.00028047533,IntegratedGradients
Erlotinib,0,,all,CD3G,0.00010266794,IntegratedGradients
Erlotinib,0,,all,CHGB,0.000356642,IntegratedGradients
Erlotinib,0,,all,BLK,0.0002930238,IntegratedGradients
Erlotinib,0,,all,KRT5,0.00043753654,IntegratedGradients
Erlotinib,0,,all,AIF1,0.00021826087,IntegratedGradients
Erlotinib,0,,all,RAG1,0.00024993322,IntegratedGradients
Erlotinib,0,,all,HCLS1,0.00032625097,IntegratedGradients
Erlotinib,0,,all,SOWAHC,0.00064516347,IntegratedGradients
Erlotinib,0,,all,CDH17,0.00037598013,IntegratedGradients
Erlotinib,0,,all,ELAVL4,0.00020833401,IntegratedGradients
Erlotinib,0,,all,HBG2,0.00058219786,IntegratedGradients
Erlotinib,0,,all,PRTN3,9.7095806e-05,IntegratedGradients
Erlotinib,0,,all,EVI2A,0.0012874815,IntegratedGradients
Erlotinib,0,,all,CD27,0.00012551008,IntegratedGradients
Erlotinib,0,,all,COL6A1,0.00061006146,IntegratedGradients
Erlotinib,0,,all,ANXA2,0.00039545892,IntegratedGradients
Erlotinib,0,,all,APOB,0.00017534883,IntegratedGradients
Erlotinib,0,,all,HLA-DRA,0.0003859421,IntegratedGradients
Erlotinib,0,,all,ELANE,0.00019321249,IntegratedGradients
Erlotinib,0,,all,HLA-DPA1,0.00030695024,IntegratedGradients
Erlotinib,0,,all,COL4A2,0.0005780579,IntegratedGradients
Erlotinib,0,,all,APOC3,0.0002607949,IntegratedGradients
Erlotinib,0,,all,C1R,0.00083047955,IntegratedGradients
Erlotinib,0,,all,IL17RB,0.00060035393,IntegratedGradients
Erlotinib,0,,all,RTL8A,0.00044753167,IntegratedGradients
Erlotinib,0,,all,HLA-DPB1,0.00060529157,IntegratedGradients
Erlotinib,0,,all,HPGDS,0.00012227627,IntegratedGradients
Erlotinib,0,,all,S100A8,0.0002942002,IntegratedGradients
Erlotinib,0,,all,KRT6C,0.00047846185,IntegratedGradients
Erlotinib,0,,all,HLA-DRB1,0.00031670558,IntegratedGradients
Erlotinib,0,,all,PHOX2B,0.00031047928,IntegratedGradients
